<?xml version="1.0" encoding="UTF-8"?>
<results version="2">
    <cppcheck version="2.17.1"/>
    <errors>
        <error id="missingIncludeSystem" severity="information" msg="Include file: &amp;lt;iostream&amp;gt; not found. Please note: Cppcheck does not need standard library headers to get proper results." verbose="Include file: &amp;lt;iostream&amp;gt; not found. Please note: Cppcheck does not need standard library headers to get proper results." sinceDate="3/9/2025">
            <location file="BufferOverflow\BufferOverflow.cpp" line="4"/>
        </error>
        <error id="missingIncludeSystem" severity="information" msg="Include file: &amp;lt;limits&amp;gt; not found. Please note: Cppcheck does not need standard library headers to get proper results." verbose="Include file: &amp;lt;limits&amp;gt; not found. Please note: Cppcheck does not need standard library headers to get proper results." sinceDate="3/9/2025">
            <location file="BufferOverflow\BufferOverflow.cpp" line="5"/>
        </error>
    </errors>
</results>
